EventName,Casino,Location,Offer,StartDate,EndDate
Easter Ham Giveaway,Lucky Eagle Casino,"12888 188th Avenue SW, Rochester, WA 98579",Complimentary Easter ham for Lucky Star Rewards members,4/12/2025 14:00,4/12/2025 18:00
Easter Hot Seat Drawings,Lucky Eagle Casino,"12888 188th Avenue SW, Rochester, WA 98579",Chance to win an electric griddle and $100 in free play every 30 minutes,4/12/2025 16:00,4/12/2025 18:00
"$250,000 Free Play Giveaway",Muckleshoot Casino,"3402 Auburn Way South, Auburn, WA 98002","250 winners of $1,000 in free play; swipe Muckleshoot Rewards card at kiosk to participate",4/1/2025 7:00,4/2/2025 23:59
Dreamer's Collection Bedding Giveaway,Spirit Mountain Casino,"27100 SW Salmon River Hwy, Grand Ronde, OR 97347","Redeem gifts from 10am-8pm on Sundays & Mondays in April. Limit one per person, per week. While supplies last.",4/6/2025 10:00,4/6/2025 20:00
Dreamer's Collection Bedding Giveaway,Spirit Mountain Casino,"27100 SW Salmon River Hwy, Grand Ronde, OR 97347","Redeem gifts from 10am-8pm on Sundays & Mondays in April. Limit one per person, per week. While supplies last.",4/7/2025 10:00,4/7/2025 20:00
Dreamer's Collection Bedding Giveaway,Spirit Mountain Casino,"27100 SW Salmon River Hwy, Grand Ronde, OR 97347","Redeem gifts from 10am-8pm on Sundays & Mondays in April. Limit one per person, per week. While supplies last.",4/13/2025 10:00,4/13/2025 20:00
Dreamer's Collection Bedding Giveaway,Spirit Mountain Casino,"27100 SW Salmon River Hwy, Grand Ronde, OR 97347","Redeem gifts from 10am-8pm on Sundays & Mondays in April. Limit one per person, per week. While supplies last.",4/14/2025 10:00,4/14/2025 20:00
Dreamer's Collection Bedding Giveaway,Spirit Mountain Casino,"27100 SW Salmon River Hwy, Grand Ronde, OR 97347","Redeem gifts from 10am-8pm on Sundays & Mondays in April. Limit one per person, per week. While supplies last.",4/20/2025 10:00,4/20/2025 20:00
Dreamer's Collection Bedding Giveaway,Spirit Mountain Casino,"27100 SW Salmon River Hwy, Grand Ronde, OR 97347","Redeem gifts from 10am-8pm on Sundays & Mondays in April. Limit one per person, per week. While supplies last.",4/21/2025 10:00,4/21/2025 20:00
Dreamer's Collection Bedding Giveaway,Spirit Mountain Casino,"27100 SW Salmon River Hwy, Grand Ronde, OR 97347","Redeem gifts from 10am-8pm on Sundays & Mondays in April. Limit one per person, per week. While supplies last.",4/27/2025 10:00,4/27/2025 20:00
Dreamer's Collection Bedding Giveaway,Spirit Mountain Casino,"27100 SW Salmon River Hwy, Grand Ronde, OR 97347","Redeem gifts from 10am-8pm on Sundays & Mondays in April. Limit one per person, per week. While supplies last.",4/28/2025 10:00,4/28/2025 20:00
Easter Ham Giveaway,Spirit Mountain Casino,"27100 SW Salmon River Hwy, Grand Ronde, OR 97347","Earn 1,000 points to receive a free spiral sliced ham",4/17/2025 10:00,4/17/2025 20:00
Lucky Kiosk Game,Spirit Mountain Casino,"27100 SW Salmon River Hwy, Grand Ronde, OR 97347","Earn 1,000 points to play up to 8 times for food & free play prizes",4/3/2025 0:00,4/3/2025 23:59
Lucky Kiosk Game,Spirit Mountain Casino,"27100 SW Salmon River Hwy, Grand Ronde, OR 97347","Earn 1,000 points to play up to 8 times for food & free play prizes",4/10/2025 0:00,4/10/2025 23:59
Lucky Kiosk Game,Spirit Mountain Casino,"27100 SW Salmon River Hwy, Grand Ronde, OR 97347","Earn 1,000 points to play up to 8 times for food & free play prizes",4/17/2025 0:00,4/17/2025 23:59
Lucky Kiosk Game,Spirit Mountain Casino,"27100 SW Salmon River Hwy, Grand Ronde, OR 97347","Earn 1,000 points to play up to 8 times for food & free play prizes",4/24/2025 0:00,4/24/2025 23:59
"$70,000 8th Anniversary Hot Seats",ilani,"1 Cowlitz Way, Ridgefield, WA 98642","$17,500 in promo play prizes, including a $5,500 promo play grand prize hot seat",4/3/2025 18:00,4/3/2025 22:00
"$70,000 8th Anniversary Hot Seats",ilani,"1 Cowlitz Way, Ridgefield, WA 98642","$17,500 in promo play prizes, including a $5,500 promo play grand prize hot seat",4/10/2025 18:00,4/10/2025 22:00
"$70,000 8th Anniversary Hot Seats",ilani,"1 Cowlitz Way, Ridgefield, WA 98642","$17,500 in promo play prizes, including a $5,500 promo play grand prize hot seat",4/17/2025 18:00,4/17/2025 22:00
"$70,000 8th Anniversary Hot Seats",ilani,"1 Cowlitz Way, Ridgefield, WA 98642","$17,500 in promo play prizes, including a $5,500 promo play grand prize hot seat",4/24/2025 18:00,4/24/2025 22:00
Rescheduled: Hot Seats,ilani,"1 Cowlitz Way, Ridgefield, WA 98642","$17,500 in cash prizes, including a $5,500 cash grand prize hot seat",4/18/2025 18:00,4/18/2025 22:00
April Gift Pickup - Water Flosser,ilani,"1 Cowlitz Way, Ridgefield, WA 98642",Free gift: Water Flosser,4/1/2025 12:00,4/1/2025 20:00
April Gift Pickup - Water Flosser,ilani,"1 Cowlitz Way, Ridgefield, WA 98642",Free gift: Water Flosser,4/2/2025 12:00,4/2/2025 20:00
April Gift Pickup - Bath Towel Set,ilani,"1 Cowlitz Way, Ridgefield, WA 98642",Free gift: Bliss 6 pc Bath Towel Set,4/8/2025 12:00,4/8/2025 20:00
April Gift Pickup - Bath Towel Set,ilani,"1 Cowlitz Way, Ridgefield, WA 98642",Free gift: Bliss 6 pc Bath Towel Set,4/9/2025 12:00,4/9/2025 20:00
April Gift Pickup - Bathrobe with Slippers,ilani,"1 Cowlitz Way, Ridgefield, WA 98642",Free gift: Bliss His/Hers Bathrobe with Slippers,4/15/2025 12:00,4/15/2025 20:00
April Gift Pickup - Bathrobe with Slippers,ilani,"1 Cowlitz Way, Ridgefield, WA 98642",Free gift: Bliss His/Hers Bathrobe with Slippers,4/16/2025 12:00,4/16/2025 20:00
April Gift Pickup - Earth Bath Mat,ilani,"1 Cowlitz Way, Ridgefield, WA 98642",Free gift: Bliss Earth Bath Mat,4/22/2025 12:00,4/22/2025 20:00
April Gift Pickup - Earth Bath Mat,ilani,"1 Cowlitz Way, Ridgefield, WA 98642",Free gift: Bliss Earth Bath Mat,4/23/2025 12:00,4/23/2025 20:00
April Gift Pickup - Toothbrush Organizer & Dispenser,ilani,"1 Cowlitz Way, Ridgefield, WA 98642",Free gift: Bliss Toothbrush Organizer & Dispenser,4/29/2025 12:00,4/29/2025 20:00
April Gift Pickup - Toothbrush Organizer & Dispenser,ilani,"1 Cowlitz Way, Ridgefield, WA 98642",Free gift: Bliss Toothbrush Organizer & Dispenser,4/30/2025 12:00,4/30/2025 20:00
Status Point Madness,ilani,"1 Cowlitz Way, Ridgefield, WA 98642",2x to 6x status points all day long,4/20/2025 6:00,4/21/2025 5:59
2x Status Points,ilani,"1 Cowlitz Way, Ridgefield, WA 98642",2x status points with Forever Rewards card,4/1/2025 6:00,4/2/2025 5:59
2x Status Points,ilani,"1 Cowlitz Way, Ridgefield, WA 98642",2x status points with Forever Rewards card,4/2/2025 6:00,4/3/2025 5:59
2x Status Points,ilani,"1 Cowlitz Way, Ridgefield, WA 98642",2x status points with Forever Rewards card,4/8/2025 6:00,4/9/2025 5:59
2x Status Points,ilani,"1 Cowlitz Way, Ridgefield, WA 98642",2x status points with Forever Rewards card,4/9/2025 6:00,4/10/2025 5:59
2x Status Points,ilani,"1 Cowlitz Way, Ridgefield, WA 98642",2x status points with Forever Rewards card,4/15/2025 6:00,4/16/2025 5:59
2x Status Points,ilani,"1 Cowlitz Way, Ridgefield, WA 98642",2x status points with Forever Rewards card,4/16/2025 6:00,4/17/2025 5:59
2x Status Points,ilani,"1 Cowlitz Way, Ridgefield, WA 98642",2x status points with Forever Rewards card,4/22/2025 6:00,4/23/2025 5:59
2x Status Points,ilani,"1 Cowlitz Way, Ridgefield, WA 98642",2x status points with Forever Rewards card,4/23/2025 6:00,4/24/2025 5:59
2x Status Points,ilani,"1 Cowlitz Way, Ridgefield, WA 98642",2x status points with Forever Rewards card,4/29/2025 6:00,4/30/2025 5:59
2x Status Points,ilani,"1 Cowlitz Way, Ridgefield, WA 98642",2x status points with Forever Rewards card,4/30/2025 6:00,5/1/2025 5:59
Peak to Pavement Giveaway,ilani,"1 Cowlitz Way, Ridgefield, WA 98642",Entry for each day you play; bonus entries for status points,4/1/2025 0:00,4/26/2025 23:59
Entry Multiplier Friday,ilani,"1 Cowlitz Way, Ridgefield, WA 98642",Multiple entries for every status point earned,4/4/2025 0:00,4/4/2025 23:59
Entry Multiplier Friday,ilani,"1 Cowlitz Way, Ridgefield, WA 98642",Multiple entries for every status point earned,4/11/2025 0:00,4/11/2025 23:59
Entry Multiplier Friday,ilani,"1 Cowlitz Way, Ridgefield, WA 98642",Multiple entries for every status point earned,4/18/2025 0:00,4/18/2025 23:59
Entry Multiplier Friday,ilani,"1 Cowlitz Way, Ridgefield, WA 98642",Multiple entries for every status point earned,4/25/2025 0:00,4/25/2025 23:59
Entry Multiplier Sunday,ilani,"1 Cowlitz Way, Ridgefield, WA 98642",Multiple entries for every status point earned,4/6/2025 0:00,4/6/2025 23:59
Entry Multiplier Sunday,ilani,"1 Cowlitz Way, Ridgefield, WA 98642",Multiple entries for every status point earned,4/13/2025 0:00,4/13/2025 23:59
Entry Multiplier Sunday,ilani,"1 Cowlitz Way, Ridgefield, WA 98642",Multiple entries for every status point earned,4/20/2025 0:00,4/20/2025 23:59
Grand Finale Entry Activation,ilani,"1 Cowlitz Way, Ridgefield, WA 98642",Activate entries for final drawing,4/26/2025 14:00,4/26/2025 18:40
Grand Finale Hot Seat Drawings,ilani,"1 Cowlitz Way, Ridgefield, WA 98642","$1,000 Promo Play every 20 minutes",4/26/2025 15:00,4/26/2025 18:40
2025 Toyota Tundra Grand Prize Drawing,ilani,"1 Cowlitz Way, Ridgefield, WA 98642",Win a 2025 Toyota Tundra,4/26/2025 19:00,4/26/2025 19:00
Complimentary Night Stay Offer,ilani,"1 Cowlitz Way, Ridgefield, WA 98642",Book with rewards account,4/1/2025 0:00,4/30/2025 23:59
$35 Slot Play,ilani,"1 Cowlitz Way, Ridgefield, WA 98642",,4/3/2025 6:00,4/5/2025 5:59
$35 Slot Play,ilani,"1 Cowlitz Way, Ridgefield, WA 98642",,4/5/2025 6:00,4/7/2025 5:59
$35 Slot Play,ilani,"1 Cowlitz Way, Ridgefield, WA 98642",,4/7/2025 6:00,4/8/2025 5:59
$35 Slot Play,ilani,"1 Cowlitz Way, Ridgefield, WA 98642",,4/10/2025 6:00,4/12/2025 5:59
$35 Slot Play,ilani,"1 Cowlitz Way, Ridgefield, WA 98642",,4/13/2025 6:00,4/15/2025 5:59
$35 Slot Play,ilani,"1 Cowlitz Way, Ridgefield, WA 98642",,4/17/2025 6:00,4/20/2025 5:59
$35 Slot Play,ilani,"1 Cowlitz Way, Ridgefield, WA 98642",,4/20/2025 6:00,4/22/2025 5:59
$35 Slot Play,ilani,"1 Cowlitz Way, Ridgefield, WA 98642",,4/24/2025 6:00,4/25/2025 5:59
$35 Slot Play,ilani,"1 Cowlitz Way, Ridgefield, WA 98642",,4/25/2025 6:00,4/27/2025 5:59
$35 Slot Play,ilani,"1 Cowlitz Way, Ridgefield, WA 98642",,4/28/2025 6:00,4/29/2025 5:59
$15 Dining & Shopping Rewards,ilani,"1 Cowlitz Way, Ridgefield, WA 98642",,4/1/2025 0:00,4/15/2025 23:59
$15 Dining & Shopping Rewards,ilani,"1 Cowlitz Way, Ridgefield, WA 98642",,4/16/2025 0:00,4/30/2025 23:59
Daytime Bonus Slot Play,ilani,"1 Cowlitz Way, Ridgefield, WA 98642",$40 in slot play,4/12/2025 6:00,4/12/2025 18:00
Mystery Bonus Slot Play,ilani,"1 Cowlitz Way, Ridgefield, WA 98642","Win up to $5,000 in slot play; guaranteed $40",4/27/2025 0:00,4/27/2025 23:59
Bonus Visa Gift Card Giveaway,Muckleshoot Casino,"3402 Auburn Way South, Auburn, WA 98002",Free Visa gift card for qualified guests,4/6/2025 10:00,4/6/2025 18:00
Free Cruise Voucher Pickup,ilani,"1 Cowlitz Way, Ridgefield, WA 98642",Complimentary cruise from Norwegian Cruise Line,4/13/2025 12:00,4/13/2025 18:00
$25 Free Play Wednesdays,Lucky Eagle Casino,"12888 188th Avenue SW, Rochester, WA 98579",$25 Free Play is available each Wednesday when you card in at any machine between 07:00 and 23:59,4/2/2025 7:00,4/2/2025 23:59
$25 Free Play Wednesdays,Lucky Eagle Casino,"12888 188th Avenue SW, Rochester, WA 98579",$25 Free Play is available each Wednesday when you card in at any machine between 07:00 and 23:59,4/9/2025 7:00,4/9/2025 23:59
$25 Free Play Wednesdays,Lucky Eagle Casino,"12888 188th Avenue SW, Rochester, WA 98579",$25 Free Play is available each Wednesday when you card in at any machine between 07:00 and 23:59,4/16/2025 7:00,4/16/2025 23:59
$25 Free Play Wednesdays,Lucky Eagle Casino,"12888 188th Avenue SW, Rochester, WA 98579",$25 Free Play is available each Wednesday when you card in at any machine between 07:00 and 23:59,4/23/2025 7:00,4/23/2025 23:59
$25 Free Play Wednesdays,Lucky Eagle Casino,"12888 188th Avenue SW, Rochester, WA 98579",$25 Free Play is available each Wednesday when you card in at any machine between 07:00 and 23:59,4/30/2025 7:00,4/30/2025 23:59
Grill Gift Giveaway,Little Creek Casino,"91 West State Route 108, Shelton, WA 98504",Collect all four items to be entered to win a Traeger; Limit one gift per week,4/3/2025 13:00,4/3/2025 21:00
Grill Gift Giveaway,Little Creek Casino,"91 West State Route 108, Shelton, WA 98504",Collect all four items to be entered to win a Traeger; Limit one gift per week,4/6/2025 13:00,4/6/2025 21:00
Grill Gift Giveaway,Little Creek Casino,"91 West State Route 108, Shelton, WA 98504",Collect all four items to be entered to win a Traeger; Limit one gift per week,4/10/2025 13:00,4/10/2025 21:00
Grill Gift Giveaway,Little Creek Casino,"91 West State Route 108, Shelton, WA 98504",Collect all four items to be entered to win a Traeger; Limit one gift per week,4/13/2025 13:00,4/13/2025 21:00
Grill Gift Giveaway,Little Creek Casino,"91 West State Route 108, Shelton, WA 98504",Collect all four items to be entered to win a Traeger; Limit one gift per week,4/17/2025 13:00,4/17/2025 21:00
Grill Gift Giveaway,Little Creek Casino,"91 West State Route 108, Shelton, WA 98504",Collect all four items to be entered to win a Traeger; Limit one gift per week,4/20/2025 13:00,4/20/2025 21:00
Grill Gift Giveaway,Little Creek Casino,"91 West State Route 108, Shelton, WA 98504",Collect all four items to be entered to win a Traeger; Limit one gift per week,4/24/2025 13:00,4/24/2025 21:00
Grill Gift Giveaway,Little Creek Casino,"91 West State Route 108, Shelton, WA 98504",Collect all four items to be entered to win a Traeger; Limit one gift per week,4/27/2025 13:00,4/27/2025 21:00
"$12,000 Jackpot Drawing",Little Creek Casino,"91 West State Route 108, Shelton, WA 98504","$2,000 at 2pm, $4,000 at 4pm, $6,000 at 6pm; For March jackpot winners of $1,200 or more",4/6/2025 14:00,4/6/2025 18:00
$15 Free Play,Little Creek Casino,"91 West State Route 108, Shelton, WA 98504",Free play total up to $60; Redeemable once per week,3/31/2025 0:00,4/6/2025 23:59
$15 Free Play,Little Creek Casino,"91 West State Route 108, Shelton, WA 98504",Free play total up to $60; Redeemable once per week,4/7/2025 0:00,4/13/2025 23:59
$15 Free Play,Little Creek Casino,"91 West State Route 108, Shelton, WA 98504",Free play total up to $60; Redeemable once per week,4/14/2025 0:00,4/20/2025 23:59
$15 Free Play,Little Creek Casino,"91 West State Route 108, Shelton, WA 98504",Free play total up to $60; Redeemable once per week,4/21/2025 0:00,4/27/2025 23:59
1 Free Hotel Room,Little Creek Casino,"91 West State Route 108, Shelton, WA 98504",Valid 1 night per week; Mondays through Thursdays only,3/31/2025 0:00,4/24/2025 23:59
$79 Hotel Room Rate,Little Creek Casino,"91 West State Route 108, Shelton, WA 98504",Deluxe or premium room rate valid Fridays through Sundays,4/3/2025 0:00,4/27/2025 23:59
Spring Into Cash Drawings,Little Creek Casino,"91 West State Route 108, Shelton, WA 98504","Win up to $5,000; Bonus entries earned throughout the week",4/5/2025 16:00,4/5/2025 21:00
Spring Into Cash Drawings,Little Creek Casino,"91 West State Route 108, Shelton, WA 98504","Win up to $5,000; Bonus entries earned throughout the week",4/12/2025 16:00,4/12/2025 21:00
Spring Into Cash Drawings,Little Creek Casino,"91 West State Route 108, Shelton, WA 98504","Win up to $5,000; Bonus entries earned throughout the week",4/19/2025 16:00,4/19/2025 21:00
Spring Into Cash Drawings,Little Creek Casino,"91 West State Route 108, Shelton, WA 98504","Win up to $5,000; Bonus entries earned throughout the week",4/26/2025 16:00,4/26/2025 21:00
Bloomin' Bucks Hot Seat,Little Creek Casino,"91 West State Route 108, Shelton, WA 98504",$500 cash every half hour; Must be actively playing at a slot machine,4/4/2025 15:00,4/4/2025 22:00
Bloomin' Bucks Hot Seat,Little Creek Casino,"91 West State Route 108, Shelton, WA 98504",$500 cash every half hour; Must be actively playing at a slot machine,4/11/2025 15:00,4/11/2025 22:00
Bloomin' Bucks Hot Seat,Little Creek Casino,"91 West State Route 108, Shelton, WA 98504",$500 cash every half hour; Must be actively playing at a slot machine,4/18/2025 15:00,4/18/2025 22:00
Bloomin' Bucks Hot Seat,Little Creek Casino,"91 West State Route 108, Shelton, WA 98504",$500 cash every half hour; Must be actively playing at a slot machine,4/25/2025 15:00,4/25/2025 22:00
Scratch Frenzy,Lucky Eagle Casino,"12888 188th Avenue SW, Rochester, WA 98579","Match 6 symbols: Win $30,000 tax free; Match 5: $100 free play; Match 4: $50 free play; Match 3: $25 free play; Match 2: $10 free play; No match: $5 free play",4/14/2025 11:00,4/14/2025 18:00
$40 Free Play Offer,Lucky Eagle Casino,"12888 188th Avenue SW, Rochester, WA 98579",$40 Free Play,3/29/2025 0:00,4/3/2025 23:59
Friday Bonus Free Play,Lucky Eagle Casino,"12888 188th Avenue SW, Rochester, WA 98579",$40 Free Play,4/4/2025 0:00,4/4/2025 23:59
$40 Free Play Offer,Lucky Eagle Casino,"12888 188th Avenue SW, Rochester, WA 98579",$40 Free Play,4/5/2025 0:00,4/10/2025 23:59
Friday Bonus Free Play,Lucky Eagle Casino,"12888 188th Avenue SW, Rochester, WA 98579",$40 Free Play,4/11/2025 0:00,4/11/2025 23:59
$40 Free Play Offer,Lucky Eagle Casino,"12888 188th Avenue SW, Rochester, WA 98579",$40 Free Play,4/12/2025 0:00,4/17/2025 23:59
Friday Bonus Free Play,Lucky Eagle Casino,"12888 188th Avenue SW, Rochester, WA 98579",$40 Free Play,4/18/2025 0:00,4/18/2025 23:59
$40 Free Play Offer,Lucky Eagle Casino,"12888 188th Avenue SW, Rochester, WA 98579",$40 Free Play,4/19/2025 0:00,4/24/2025 23:59
Friday Bonus Free Play,Lucky Eagle Casino,"12888 188th Avenue SW, Rochester, WA 98579",$40 Free Play,4/25/2025 0:00,4/25/2025 23:59
$40 Free Play Offer,Lucky Eagle Casino,"12888 188th Avenue SW, Rochester, WA 98579",$40 Free Play,4/26/2025 0:00,5/1/2025 23:59
Stay 'N Play Free Standard Room,Lucky Eagle Casino,"12888 188th Avenue SW, Rochester, WA 98579","1 Free Standard Room, Sun-Fri",3/30/2025 0:00,5/2/2025 23:59
Stay 'N Play Free RV Stay,Lucky Eagle Casino,"12888 188th Avenue SW, Rochester, WA 98579",2 Free RV Stays,3/29/2025 0:00,5/2/2025 23:59
Aztec Print Travel Set - Week 1,Lucky Eagle Casino,"12888 188th Avenue SW, Rochester, WA 98579",Free gift – Week 1,4/6/2025 10:00,4/6/2025 20:00
Aztec Print Travel Set - Week 1,Lucky Eagle Casino,"12888 188th Avenue SW, Rochester, WA 98579",Free gift – Week 1,4/8/2025 10:00,4/8/2025 20:00
Aztec Print Travel Set - Week 2,Lucky Eagle Casino,"12888 188th Avenue SW, Rochester, WA 98579",Free gift – Week 2,4/13/2025 10:00,4/13/2025 20:00
Aztec Print Travel Set - Week 2,Lucky Eagle Casino,"12888 188th Avenue SW, Rochester, WA 98579",Free gift – Week 2,4/15/2025 10:00,4/15/2025 20:00
Aztec Print Travel Set - Week 3,Lucky Eagle Casino,"12888 188th Avenue SW, Rochester, WA 98579",Free gift – Week 3,4/20/2025 10:00,4/20/2025 20:00
Aztec Print Travel Set - Week 3,Lucky Eagle Casino,"12888 188th Avenue SW, Rochester, WA 98579",Free gift – Week 3,4/22/2025 10:00,4/22/2025 20:00
Aztec Print Travel Set - Week 4,Lucky Eagle Casino,"12888 188th Avenue SW, Rochester, WA 98579",Free gift – Week 4,4/27/2025 10:00,4/27/2025 20:00
Aztec Print Travel Set - Week 4,Lucky Eagle Casino,"12888 188th Avenue SW, Rochester, WA 98579",Free gift – Week 4,4/29/2025 10:00,4/29/2025 20:00
Weekly Loyalty Offer,Red Wind Casino,"12819 Yelm Hwy. SE, Olympia, WA 98513",$25 Free Play,4/3/2025 8:00,4/9/2025 23:59
Weekly Loyalty Offer,Red Wind Casino,"12819 Yelm Hwy. SE, Olympia, WA 98513",$25 Free Play,4/10/2025 8:00,4/16/2025 23:59
Weekly Loyalty Offer,Red Wind Casino,"12819 Yelm Hwy. SE, Olympia, WA 98513",$25 Free Play,4/17/2025 8:00,4/23/2025 23:59
Weekly Loyalty Offer,Red Wind Casino,"12819 Yelm Hwy. SE, Olympia, WA 98513",$25 Free Play,4/24/2025 8:00,4/30/2025 23:59
Fortune Wheel Drawing,Red Wind Casino,"12819 Yelm Hwy. SE, Olympia, WA 98513","Win up to $5,000",4/1/2025 18:00,4/1/2025 21:00
Fortune Wheel Drawing,Red Wind Casino,"12819 Yelm Hwy. SE, Olympia, WA 98513","Win up to $5,000",4/5/2025 18:00,4/5/2025 21:00
Fortune Wheel Drawing,Red Wind Casino,"12819 Yelm Hwy. SE, Olympia, WA 98513","Win up to $5,000",4/8/2025 18:00,4/8/2025 21:00
Fortune Wheel Drawing,Red Wind Casino,"12819 Yelm Hwy. SE, Olympia, WA 98513","Win up to $5,000",4/12/2025 18:00,4/12/2025 21:00
Fortune Wheel Drawing,Red Wind Casino,"12819 Yelm Hwy. SE, Olympia, WA 98513","Win up to $5,000",4/15/2025 18:00,4/15/2025 21:00
Fortune Wheel Drawing,Red Wind Casino,"12819 Yelm Hwy. SE, Olympia, WA 98513","Win up to $5,000",4/19/2025 18:00,4/19/2025 21:00
Fortune Wheel Drawing,Red Wind Casino,"12819 Yelm Hwy. SE, Olympia, WA 98513","Win up to $5,000",4/22/2025 18:00,4/22/2025 21:00
Fortune Wheel Drawing,Red Wind Casino,"12819 Yelm Hwy. SE, Olympia, WA 98513","Win up to $5,000",4/26/2025 18:00,4/26/2025 21:00
Fortune Wheel Drawing,Red Wind Casino,"12819 Yelm Hwy. SE, Olympia, WA 98513","Win up to $5,000",4/29/2025 18:00,4/29/2025 21:00
Modern Marilyn Purse Collection: Clutch,Muckleshoot Casino,"3402 Auburn Way South, Auburn, WA 98002",Claim your gift by swiping your Muckleshoot Rewards card at any promotions kiosk,4/3/2025 12:00,4/3/2025 21:00
Modern Marilyn Purse Collection: Clutch,Muckleshoot Casino,"3402 Auburn Way South, Auburn, WA 98002",Claim your gift by swiping your Muckleshoot Rewards card at any promotions kiosk,4/4/2025 10:00,4/4/2025 14:00
Modern Marilyn Purse Collection: Dome Style with Crossbody Strap,Muckleshoot Casino,"3402 Auburn Way South, Auburn, WA 98002",Claim your gift by swiping your Muckleshoot Rewards card at any promotions kiosk,4/10/2025 12:00,4/10/2025 21:00
Modern Marilyn Purse Collection: Dome Style with Crossbody Strap,Muckleshoot Casino,"3402 Auburn Way South, Auburn, WA 98002",Claim your gift by swiping your Muckleshoot Rewards card at any promotions kiosk,4/11/2025 10:00,4/11/2025 14:00
Modern Marilyn Purse Collection: Tote Bag,Muckleshoot Casino,"3402 Auburn Way South, Auburn, WA 98002",Claim your gift by swiping your Muckleshoot Rewards card at any promotions kiosk,4/17/2025 12:00,4/17/2025 21:00
Modern Marilyn Purse Collection: Tote Bag,Muckleshoot Casino,"3402 Auburn Way South, Auburn, WA 98002",Claim your gift by swiping your Muckleshoot Rewards card at any promotions kiosk,4/18/2025 10:00,4/18/2025 14:00
Modern Marilyn Purse Collection: Crossbody,Muckleshoot Casino,"3402 Auburn Way South, Auburn, WA 98002",Claim your gift by swiping your Muckleshoot Rewards card at any promotions kiosk,4/24/2025 12:00,4/24/2025 21:00
Modern Marilyn Purse Collection: Crossbody,Muckleshoot Casino,"3402 Auburn Way South, Auburn, WA 98002",Claim your gift by swiping your Muckleshoot Rewards card at any promotions kiosk,4/25/2025 10:00,4/25/2025 14:00
Bonus Free Play,Muckleshoot Casino,"3402 Auburn Way South, Auburn, WA 98002",Activate your prize at any gaming machine; all participants win free play,4/27/2025 10:00,4/27/2025 18:00
Walmart Gift Card Giveaway,Muckleshoot Casino,"3402 Auburn Way South, Auburn, WA 98002",Claim your Walmart gift card at the Muckleshoot Rewards Center,4/20/2025 10:00,4/20/2025 18:00
Free Philips Wireless Earbuds,Muckleshoot Casino,"3402 Auburn Way South, Auburn, WA 98002","Free Philips Wireless Earbuds to first 3,700 guests",4/13/2025 10:00,4/13/2025 19:00
Mother’s Day Weekend Giveaway,Snoqualmie Casino,"37500 SE North Bend Way, Snoqualmie, WA 98065","100 guests will win the chance to select a designer handbag filled with up to $10,000 Freeplay",5/10/2025 10:00,5/10/2025 22:00
Mother’s Day Weekend Giveaway,Snoqualmie Casino,"37500 SE North Bend Way, Snoqualmie, WA 98065","100 guests will win the chance to select a designer handbag filled with up to $10,000 Freeplay",5/11/2025 10:00,5/11/2025 22:00
500x Entry Multipliers,Snoqualmie Casino,"37500 SE North Bend Way, Snoqualmie, WA 98065","500x drawing entry multipliers to win a designer handbag with up to $10,000 Freeplay",4/18/2025 0:00,4/18/2025 23:59
500x Entry Multipliers,Snoqualmie Casino,"37500 SE North Bend Way, Snoqualmie, WA 98065","500x drawing entry multipliers to win a designer handbag with up to $10,000 Freeplay",4/20/2025 0:00,4/20/2025 23:59
500x Entry Multipliers,Snoqualmie Casino,"37500 SE North Bend Way, Snoqualmie, WA 98065","500x drawing entry multipliers to win a designer handbag with up to $10,000 Freeplay",4/25/2025 0:00,4/25/2025 23:59
500x Entry Multipliers,Snoqualmie Casino,"37500 SE North Bend Way, Snoqualmie, WA 98065","500x drawing entry multipliers to win a designer handbag with up to $10,000 Freeplay",4/27/2025 0:00,4/27/2025 23:59
Early Shopping Dollar Earning,Snoqualmie Casino,"37500 SE North Bend Way, Snoqualmie, WA 98065",Earn shopping dollars from 10:00 am to 2:00 pm to use at the October shopping event,4/11/2025 10:00,4/11/2025 14:00
Early Shopping Dollar Earning,Snoqualmie Casino,"37500 SE North Bend Way, Snoqualmie, WA 98065",Earn shopping dollars from 10:00 am to 2:00 pm to use at the October shopping event,4/13/2025 10:00,4/13/2025 14:00
Off-Track Betting Launch,Snoqualmie Casino,"37500 SE North Bend Way, Snoqualmie, WA 98065",Off-track betting available at the Sportsbook area,4/19/2025 0:00,4/19/2025 23:59
Yuan Tree Wednesdays,Snoqualmie Casino,"37500 SE North Bend Way, Snoqualmie, WA 98065","Chance to collect over $10,000 Freeplay",4/2/2025 0:00,4/2/2025 23:59
Yuan Tree Wednesdays,Snoqualmie Casino,"37500 SE North Bend Way, Snoqualmie, WA 98065","Chance to collect over $10,000 Freeplay",4/9/2025 0:00,4/9/2025 23:59
Yuan Tree Wednesdays,Snoqualmie Casino,"37500 SE North Bend Way, Snoqualmie, WA 98065","Chance to collect over $10,000 Freeplay",4/16/2025 0:00,4/16/2025 23:59
Yuan Tree Wednesdays,Snoqualmie Casino,"37500 SE North Bend Way, Snoqualmie, WA 98065","Chance to collect over $10,000 Freeplay",4/23/2025 0:00,4/23/2025 23:59
Yuan Tree Wednesdays,Snoqualmie Casino,"37500 SE North Bend Way, Snoqualmie, WA 98065","Chance to collect over $10,000 Freeplay",4/30/2025 0:00,4/30/2025 23:59
4x Points Thursdays,Snoqualmie Casino,"37500 SE North Bend Way, Snoqualmie, WA 98065",Earn 4x points 8 am–noon & 10 pm–2 am with Crescent Club card,4/3/2025 8:00,4/3/2025 12:00
4x Points Thursdays,Snoqualmie Casino,"37500 SE North Bend Way, Snoqualmie, WA 98065",Earn 4x points 8 am–noon & 10 pm–2 am with Crescent Club card,4/3/2025 22:00,4/4/2025 2:00
4x Points Thursdays,Snoqualmie Casino,"37500 SE North Bend Way, Snoqualmie, WA 98065",Earn 4x points 8 am–noon & 10 pm–2 am with Crescent Club card,4/10/2025 8:00,4/10/2025 12:00
4x Points Thursdays,Snoqualmie Casino,"37500 SE North Bend Way, Snoqualmie, WA 98065",Earn 4x points 8 am–noon & 10 pm–2 am with Crescent Club card,4/10/2025 22:00,4/11/2025 2:00
4x Points Thursdays,Snoqualmie Casino,"37500 SE North Bend Way, Snoqualmie, WA 98065",Earn 4x points 8 am–noon & 10 pm–2 am with Crescent Club card,4/17/2025 8:00,4/17/2025 12:00
4x Points Thursdays,Snoqualmie Casino,"37500 SE North Bend Way, Snoqualmie, WA 98065",Earn 4x points 8 am–noon & 10 pm–2 am with Crescent Club card,4/17/2025 22:00,4/18/2025 2:00
4x Points Thursdays,Snoqualmie Casino,"37500 SE North Bend Way, Snoqualmie, WA 98065",Earn 4x points 8 am–noon & 10 pm–2 am with Crescent Club card,4/24/2025 8:00,4/24/2025 12:00
4x Points Thursdays,Snoqualmie Casino,"37500 SE North Bend Way, Snoqualmie, WA 98065",Earn 4x points 8 am–noon & 10 pm–2 am with Crescent Club card,4/24/2025 22:00,4/25/2025 2:00
Saturday Freeplay Drawings,Snoqualmie Casino,"37500 SE North Bend Way, Snoqualmie, WA 98065",Winners drawn every 15 minutes for $200 Freeplay,4/12/2025 0:00,4/12/2025 23:59
Saturday Freeplay Drawings,Snoqualmie Casino,"37500 SE North Bend Way, Snoqualmie, WA 98065",Winners drawn every 15 minutes for $200 Freeplay,4/19/2025 0:00,4/19/2025 23:59
Stanley Cup Giveaway,Snoqualmie Casino,"37500 SE North Bend Way, Snoqualmie, WA 98065","Win one of 40 Stanley Cups with up to $4,000 Freeplay",4/26/2025 0:00,4/26/2025 23:59
Tuesday Stackers,Snoqualmie Casino,"37500 SE North Bend Way, Snoqualmie, WA 98065",Play and unlock an instant win game to multiply winnings,4/1/2025 0:00,4/1/2025 23:59
Tuesday Stackers,Snoqualmie Casino,"37500 SE North Bend Way, Snoqualmie, WA 98065",Play and unlock an instant win game to multiply winnings,4/8/2025 0:00,4/8/2025 23:59
Tuesday Stackers,Snoqualmie Casino,"37500 SE North Bend Way, Snoqualmie, WA 98065",Play and unlock an instant win game to multiply winnings,4/15/2025 0:00,4/15/2025 23:59
Tuesday Stackers,Snoqualmie Casino,"37500 SE North Bend Way, Snoqualmie, WA 98065",Play and unlock an instant win game to multiply winnings,4/22/2025 0:00,4/22/2025 23:59
Tuesday Stackers,Snoqualmie Casino,"37500 SE North Bend Way, Snoqualmie, WA 98065",Play and unlock an instant win game to multiply winnings,4/29/2025 0:00,4/29/2025 23:59
$50K Guaranteed Giveaway,Muckleshoot Casino,"3402 Auburn Way South, Auburn, WA 98002",,4/12/2025 15:00,4/12/2025 21:00
$50K Guaranteed Giveaway,Muckleshoot Casino,"3402 Auburn Way South, Auburn, WA 98002",,4/12/2025 21:30,4/12/2025 23:59
Jackpot Celebration,Muckleshoot Casino,"3402 Auburn Way South, Auburn, WA 98002","Five winners every hour will be called to win up to $5,000 cash",4/22/2025 17:00,4/22/2025 21:00
"$25,000 Jackpot Win Again",Red Wind Casino,"12819 Yelm Hwy. SE, Olympia, WA 98513","Eligible Club Red members with W2G slot jackpots (Jan 1 to Mar 31, 2025) can win in drawing",4/25/2025 18:00,4/25/2025 21:00
Payback Drawing,Spirit Mountain Casino,"27100 SW Salmon River Hwy, Grand Ronde, OR 97347","$10,000 cash guaranteed prize pool - 10 winners • $1,000 cash prize",4/18/2025 18:00,4/18/2025 20:00
$25 Free Play (Week 1),Muckleshoot Casino,"3402 Auburn Way South, Auburn, WA 98002",$25 free play valid one time,4/1/2025 7:00,4/7/2025 23:59
$25 Free Play (Week 2),Muckleshoot Casino,"3402 Auburn Way South, Auburn, WA 98002",$25 free play valid one time,4/8/2025 7:00,4/14/2025 23:59
$25 Free Play (Week 3),Muckleshoot Casino,"3402 Auburn Way South, Auburn, WA 98002",$25 free play valid one time,4/15/2025 7:00,4/21/2025 23:59
$25 Free Play (Week 4),Muckleshoot Casino,"3402 Auburn Way South, Auburn, WA 98002",$25 free play valid one time,4/22/2025 7:00,4/29/2025 23:59
Free Hotel Stay (Week 1),Muckleshoot Casino,"3402 Auburn Way South, Auburn, WA 98002",Free hotel stay,4/1/2025 0:00,4/7/2025 23:59
Free Hotel Stay (Week 2),Muckleshoot Casino,"3402 Auburn Way South, Auburn, WA 98002",Free hotel stay,4/8/2025 0:00,4/14/2025 23:59
Free Hotel Stay (Week 3),Muckleshoot Casino,"3402 Auburn Way South, Auburn, WA 98002",Free hotel stay,4/15/2025 0:00,4/21/2025 23:59
Free Hotel Stay (Week 4),Muckleshoot Casino,"3402 Auburn Way South, Auburn, WA 98002",Free hotel stay,4/22/2025 0:00,4/30/2025 23:59
Free Hotel Stay,Muckleshoot Casino,"3402 Auburn Way South, Auburn, WA 98002",Call 800.804.4944 to book. Subject to availability and eligibility. Blackout dates apply.,4/22/2025 7:00,4/30/2025 23:59
Ballrusso April Accessories Gift Giveaway,Angel of the Winds Casino,"3438 Stoluckquamish Lane, Arlington, Washington 98223",Redeem at Players Club East,4/6/2025 10:00,4/6/2025 20:00
Ballrusso April Accessories Gift Giveaway,Angel of the Winds Casino,"3438 Stoluckquamish Lane, Arlington, Washington 98223",Redeem at Players Club East,4/7/2025 10:00,4/7/2025 20:00
Ballrusso April Accessories Gift Giveaway,Angel of the Winds Casino,"3438 Stoluckquamish Lane, Arlington, Washington 98223",Redeem at Players Club East,4/13/2025 10:00,4/13/2025 20:00
Ballrusso April Accessories Gift Giveaway,Angel of the Winds Casino,"3438 Stoluckquamish Lane, Arlington, Washington 98223",Redeem at Players Club East,4/14/2025 10:00,4/14/2025 20:00
Ballrusso April Accessories Gift Giveaway,Angel of the Winds Casino,"3438 Stoluckquamish Lane, Arlington, Washington 98223",Redeem at Players Club East,4/20/2025 10:00,4/20/2025 20:00
Ballrusso April Accessories Gift Giveaway,Angel of the Winds Casino,"3438 Stoluckquamish Lane, Arlington, Washington 98223",Redeem at Players Club East,4/21/2025 10:00,4/21/2025 20:00
Ballrusso April Accessories Gift Giveaway,Angel of the Winds Casino,"3438 Stoluckquamish Lane, Arlington, Washington 98223",Redeem at Players Club East,4/27/2025 10:00,4/27/2025 20:00
Ballrusso April Accessories Gift Giveaway,Angel of the Winds Casino,"3438 Stoluckquamish Lane, Arlington, Washington 98223",Redeem at Players Club East,4/28/2025 10:00,4/28/2025 20:00
Complimentary Hotel or RV Resort Stays,Angel of the Winds Casino,"3438 Stoluckquamish Lane, Arlington, Washington 98223",Valid Sundays - Thursdays,3/30/2025 0:00,4/26/2025 23:59
Win Your Share of $50K in Free Play or Promo Chips,Angel of the Winds Casino,"3438 Stoluckquamish Lane, Arlington, Washington 98223",,4/3/2025 18:00,4/3/2025 20:00
Win Your Share of $50K in Free Play or Promo Chips,Angel of the Winds Casino,"3438 Stoluckquamish Lane, Arlington, Washington 98223",,4/10/2025 18:00,4/10/2025 20:00
Win Your Share of $50K in Free Play or Promo Chips,Angel of the Winds Casino,"3438 Stoluckquamish Lane, Arlington, Washington 98223",,4/17/2025 18:00,4/17/2025 20:00
Win Your Share of $50K in Free Play or Promo Chips,Angel of the Winds Casino,"3438 Stoluckquamish Lane, Arlington, Washington 98223",,4/24/2025 18:00,4/24/2025 20:00
Lucky Spring Spins,Angel of the Winds Casino,"3438 Stoluckquamish Lane, Arlington, Washington 98223",Earn up to 3 spins each week,4/2/2025 8:00,4/2/2025 20:00
Lucky Spring Spins,Angel of the Winds Casino,"3438 Stoluckquamish Lane, Arlington, Washington 98223",Earn up to 3 spins each week,4/9/2025 8:00,4/9/2025 20:00
Lucky Spring Spins,Angel of the Winds Casino,"3438 Stoluckquamish Lane, Arlington, Washington 98223",Earn up to 3 spins each week,4/16/2025 8:00,4/16/2025 20:00
Lucky Spring Spins,Angel of the Winds Casino,"3438 Stoluckquamish Lane, Arlington, Washington 98223",Earn up to 3 spins each week,4/23/2025 8:00,4/23/2025 20:00
Lucky Spring Spins,Angel of the Winds Casino,"3438 Stoluckquamish Lane, Arlington, Washington 98223",Earn up to 3 spins each week,4/30/2025 8:00,4/30/2025 20:00
Winning Wednesdays,Angel of the Winds Casino,"3438 Stoluckquamish Lane, Arlington, Washington 98223","Win your share of $760,500",4/2/2025 9:00,4/2/2025 21:00
Winning Wednesdays,Angel of the Winds Casino,"3438 Stoluckquamish Lane, Arlington, Washington 98223","Win your share of $760,500",4/9/2025 9:00,4/9/2025 21:00
Winning Wednesdays,Angel of the Winds Casino,"3438 Stoluckquamish Lane, Arlington, Washington 98223","Win your share of $760,500",4/16/2025 9:00,4/16/2025 21:00
Winning Wednesdays,Angel of the Winds Casino,"3438 Stoluckquamish Lane, Arlington, Washington 98223","Win your share of $760,500",4/23/2025 9:00,4/23/2025 21:00
Winning Wednesdays,Angel of the Winds Casino,"3438 Stoluckquamish Lane, Arlington, Washington 98223","Win your share of $760,500",4/30/2025 9:00,4/30/2025 21:00
$20 Weekly Free Play,Angel of the Winds Casino,"3438 Stoluckquamish Lane, Arlington, Washington 98223",Valid any day from 6am,3/30/2025 6:00,4/5/2025 23:59
$20 Weekly Free Play,Angel of the Winds Casino,"3438 Stoluckquamish Lane, Arlington, Washington 98223",Valid any day from 6am,4/6/2025 6:00,4/12/2025 23:59
$20 Weekly Free Play,Angel of the Winds Casino,"3438 Stoluckquamish Lane, Arlington, Washington 98223",Valid any day from 6am,4/13/2025 6:00,4/19/2025 23:59
$20 Weekly Free Play,Angel of the Winds Casino,"3438 Stoluckquamish Lane, Arlington, Washington 98223",Valid any day from 6am,4/20/2025 6:00,4/26/2025 23:59
Jackpot Celebration,Lucky Eagle Casino,"12888 188th Avenue SW, Rochester, WA 98579","$50 in Free Play, hors d'oeuvres, mingling",4/26/2025 12:00,4/26/2025 17:00
VIP Las Vegas Trip Giveaway,Lucky Dog Casino,"19330 N US HWY 101, Skokomish, WA 98584",Invited Club Lucky members have a chance to win a trip to Las Vegas. Exclusive drawing at 8:15pm. One free entry with Club Lucky card; additional entries for every 50 base points earned on 4/19 from 10am–8pm. Cash option available. Exclusive dessert reception 7pm–8pm.,4/19/2025 10:00,4/19/2025 20:00
<<<<<<< HEAD
Cash & Car Giveaways,Legends Casino Hotel ," 580 Fort Road, Toppenish, WA ","Hourly cash prize drawings with top prize up to $6,000 from 6pm–8pm and $8,000 at 9pm",4/3/2025 18:00,4/3/2025 21:00
Cash & Car Giveaways,Legends Casino Hotel ," 580 Fort Road, Toppenish, WA ","Hourly cash prize drawings with top prize up to $6,000 from 6pm–8pm and $8,000 at 9pm",4/10/2025 18:00,4/10/2025 21:00
Cash & Car Giveaways,Legends Casino Hotel ," 580 Fort Road, Toppenish, WA ","Hourly cash prize drawings with top prize up to $6,000 from 6pm–8pm and $8,000 at 9pm",4/17/2025 18:00,4/17/2025 21:00
Cash & Car Giveaways,Legends Casino Hotel ," 580 Fort Road, Toppenish, WA ","Hourly cash prize drawings with top prize up to $6,000 from 6pm–8pm and $8,000 at 9pm",4/24/2025 18:00,4/24/2025 21:00
2025 Volkswagen Jetta Giveaway,Legends Casino Hotel ," 580 Fort Road, Toppenish, WA ","One grand prize car winner & three cash winners: $4,000, $6,000, $8,000",4/24/2025 21:00,4/24/2025 21:00
Kia K5 Giveaway Entry Begins,Legends Casino Hotel ," 580 Fort Road, Toppenish, WA ",One free entry every Thursday starting at 6pm when you activate card on slot machine,4/3/2025 18:00,4/3/2025 23:59
Kia K5 Giveaway Entry Begins,Legends Casino Hotel ," 580 Fort Road, Toppenish, WA ",One free entry every Thursday starting at 6pm when you activate card on slot machine,4/10/2025 18:00,4/10/2025 23:59
Kia K5 Giveaway Entry Begins,Legends Casino Hotel ," 580 Fort Road, Toppenish, WA ",One free entry every Thursday starting at 6pm when you activate card on slot machine,4/17/2025 18:00,4/17/2025 23:59
Kia K5 Giveaway Entry Begins,Legends Casino Hotel ," 580 Fort Road, Toppenish, WA ",One free entry every Thursday starting at 6pm when you activate card on slot machine,4/24/2025 18:00,4/24/2025 23:59
Xtra Rewards Free Play,Legends Casino Hotel ," 580 Fort Road, Toppenish, WA ",$105 Xtra Rewards Free Play added to account,4/6/2025 10:00,4/9/2025 23:59
Xtra Rewards Free Play,Legends Casino Hotel ," 580 Fort Road, Toppenish, WA ",$105 Xtra Rewards Free Play added to account,4/13/2025 10:00,4/16/2025 23:59
Xtra Rewards Free Play,Legends Casino Hotel ," 580 Fort Road, Toppenish, WA ",$105 Xtra Rewards Free Play added to account,4/20/2025 10:00,4/23/2025 23:59
Xtra Rewards Free Play,Legends Casino Hotel ," 580 Fort Road, Toppenish, WA ",$105 Xtra Rewards Free Play added to account,4/27/2025 10:00,4/30/2025 23:59
Hollywood Headphones Giveaway,Legends Casino Hotel ," 580 Fort Road, Toppenish, WA ",Hollywood headphones giveaway,4/8/2025 10:00,4/8/2025 23:59
"20"" Luggage Giveaway",Legends Casino Hotel ," 580 Fort Road, Toppenish, WA ","20"" luggage giveaway – one per person, while supplies last",4/22/2025 10:00,4/22/2025 23:59
"$500 or $1,000 Slot Drawings",Legends Casino Hotel ," 580 Fort Road, Toppenish, WA ","Hourly slot machine drawings – win $500 or $1,000",4/20/2025 12:00,4/20/2025 20:00
10X Points – Full Pink Moon,Legends Casino Hotel ," 580 Fort Road, Toppenish, WA ",Earn 10x points using your rewards card,4/12/2025 18:00,4/12/2025 23:59
$75K Guaranteed Giveaway,Muckleshoot Casino Resort ," 3402 Auburn Way South, Auburn, WA 98002  ","Win up to $35,000 in cash; 5 winners every hour",4/19/2025 15:00,4/19/2025 21:00
$75K Guaranteed Giveaway Grand Finale,Muckleshoot Casino Resort ," 3402 Auburn Way South, Auburn, WA 98002  ",Grand Finale Drawing,4/19/2025 21:30,4/19/2025 21:30
The Greatest Show,Muckleshoot Casino Resort ," 3402 Auburn Way South, Auburn, WA 98002  ","Win up to $15,000 in cash; 6 winners every hour",4/2/2025 17:00,4/2/2025 21:00
The Greatest Show,Muckleshoot Casino Resort ," 3402 Auburn Way South, Auburn, WA 98002  ","Win up to $15,000 in cash; 6 winners every hour",4/9/2025 17:00,4/9/2025 21:00
The Greatest Show,Muckleshoot Casino Resort ," 3402 Auburn Way South, Auburn, WA 98002  ","Win up to $15,000 in cash; 6 winners every hour",4/16/2025 17:00,4/16/2025 21:00
The Greatest Show,Muckleshoot Casino Resort ," 3402 Auburn Way South, Auburn, WA 98002  ","Win up to $15,000 in cash; 6 winners every hour",4/23/2025 17:00,4/23/2025 21:00
The Greatest Show,Muckleshoot Casino Resort ," 3402 Auburn Way South, Auburn, WA 98002  ","Win up to $15,000 in cash; 6 winners every hour",4/30/2025 17:00,4/30/2025 21:00
Dodge Charger Giveaway,Muckleshoot Casino Resort ," 3402 Auburn Way South, Auburn, WA 98002  ",Win a brand-new Dodge Charger; 5 winners every half hour,4/26/2025 17:00,4/26/2025 20:30
Dodge Charger Giveaway Grand Finale,Muckleshoot Casino Resort ," 3402 Auburn Way South, Auburn, WA 98002  ",Grand Finale Drawing,4/26/2025 21:00,4/26/2025 21:00
30th Anniversary Machine Tournament,Muckleshoot Casino Resort ," 3402 Auburn Way South, Auburn, WA 98002  ","Win up to $5,000 in cash",4/28/2025 14:00,4/28/2025 17:45
Mother's Day Brunch Buffet,Muckleshoot Casino Resort ," 3402 Auburn Way South, Auburn, WA 98002  ",$52 per person | $26 for children under 12 | Free for children 2 and under,5/11/2025 9:00,5/11/2025 15:00
VIP Las Vegas Trip Giveaway Drawing,Lucky Dog Casino ," 19330 N US HWY 101, Skokomish, WA 98584  ",Exclusive drawing takes place at 8:15pm.,4/19/2025 20:15,4/19/2025 20:15
Las Vegas-Inspired Dessert Reception,Lucky Dog Casino ," 19330 N US HWY 101, Skokomish, WA 98584  ",Exclusive reception area in the event room with Las Vegas-inspired desserts.,4/19/2025 19:00,4/19/2025 20:00
=======
Cash & Car Giveaways,Legends Casino," 580 Fort Road, Toppenish, WA ","Hourly cash prize drawings with top prize up to $6,000 from 6pm–8pm and $8,000 at 9pm",4/3/2025 18:00,4/3/2025 21:00
Cash & Car Giveaways,Legends Casino," 580 Fort Road, Toppenish, WA ","Hourly cash prize drawings with top prize up to $6,000 from 6pm–8pm and $8,000 at 9pm",4/10/2025 18:00,4/10/2025 21:00
Cash & Car Giveaways,Legends Casino," 580 Fort Road, Toppenish, WA ","Hourly cash prize drawings with top prize up to $6,000 from 6pm–8pm and $8,000 at 9pm",4/17/2025 18:00,4/17/2025 21:00
Cash & Car Giveaways,Legends Casino," 580 Fort Road, Toppenish, WA ","Hourly cash prize drawings with top prize up to $6,000 from 6pm–8pm and $8,000 at 9pm",4/24/2025 18:00,4/24/2025 21:00
2025 Volkswagen Jetta Giveaway,Legends Casino," 580 Fort Road, Toppenish, WA ","One grand prize car winner & three cash winners: $4,000, $6,000, $8,000",4/24/2025 21:00,4/24/2025 21:00
Kia K5 Giveaway Entry Begins,Legends Casino," 580 Fort Road, Toppenish, WA ",One free entry every Thursday starting at 6pm when you activate card on slot machine,4/3/2025 18:00,4/3/2025 23:59
Kia K5 Giveaway Entry Begins,Legends Casino," 580 Fort Road, Toppenish, WA ",One free entry every Thursday starting at 6pm when you activate card on slot machine,4/10/2025 18:00,4/10/2025 23:59
Kia K5 Giveaway Entry Begins,Legends Casino," 580 Fort Road, Toppenish, WA ",One free entry every Thursday starting at 6pm when you activate card on slot machine,4/17/2025 18:00,4/17/2025 23:59
Kia K5 Giveaway Entry Begins,Legends Casino," 580 Fort Road, Toppenish, WA ",One free entry every Thursday starting at 6pm when you activate card on slot machine,4/24/2025 18:00,4/24/2025 23:59
Xtra Rewards Free Play,Legends Casino," 580 Fort Road, Toppenish, WA ",$105 Xtra Rewards Free Play added to account,4/6/2025 10:00,4/9/2025 23:59
Xtra Rewards Free Play,Legends Casino," 580 Fort Road, Toppenish, WA ",$105 Xtra Rewards Free Play added to account,4/13/2025 10:00,4/16/2025 23:59
Xtra Rewards Free Play,Legends Casino," 580 Fort Road, Toppenish, WA ",$105 Xtra Rewards Free Play added to account,4/20/2025 10:00,4/23/2025 23:59
Xtra Rewards Free Play,Legends Casino," 580 Fort Road, Toppenish, WA ",$105 Xtra Rewards Free Play added to account,4/27/2025 10:00,4/30/2025 23:59
Hollywood Headphones Giveaway,Legends Casino," 580 Fort Road, Toppenish, WA ",Hollywood headphones giveaway,4/8/2025 10:00,4/8/2025 23:59
"20"" Luggage Giveaway",Legends Casino," 580 Fort Road, Toppenish, WA ","20"" luggage giveaway – one per person, while supplies last",4/22/2025 10:00,4/22/2025 23:59
"$500 or $1,000 Slot Drawings",Legends Casino," 580 Fort Road, Toppenish, WA ","Hourly slot machine drawings – win $500 or $1,000",4/20/2025 12:00,4/20/2025 20:00
10X Points – Full Pink Moon,Legends Casino," 580 Fort Road, Toppenish, WA ",Earn 10x points using your rewards card,4/12/2025 18:00,4/12/2025 23:59
$75K Guaranteed Giveaway,Muckleshoot Casino," 3402 Auburn Way South, Auburn, WA 98002  ","Win up to $35,000 in cash; 5 winners every hour",4/19/2025 15:00,4/19/2025 21:00
$75K Guaranteed Giveaway Grand Finale,Muckleshoot Casino," 3402 Auburn Way South, Auburn, WA 98002  ",Grand Finale Drawing,4/19/2025 21:30,4/19/2025 21:30
The Greatest Show,Muckleshoot Casino," 3402 Auburn Way South, Auburn, WA 98002  ","Win up to $15,000 in cash; 6 winners every hour",4/2/2025 17:00,4/2/2025 21:00
The Greatest Show,Muckleshoot Casino," 3402 Auburn Way South, Auburn, WA 98002  ","Win up to $15,000 in cash; 6 winners every hour",4/9/2025 17:00,4/9/2025 21:00
The Greatest Show,Muckleshoot Casino," 3402 Auburn Way South, Auburn, WA 98002  ","Win up to $15,000 in cash; 6 winners every hour",4/16/2025 17:00,4/16/2025 21:00
The Greatest Show,Muckleshoot Casino," 3402 Auburn Way South, Auburn, WA 98002  ","Win up to $15,000 in cash; 6 winners every hour",4/23/2025 17:00,4/23/2025 21:00
The Greatest Show,Muckleshoot Casino," 3402 Auburn Way South, Auburn, WA 98002  ","Win up to $15,000 in cash; 6 winners every hour",4/30/2025 17:00,4/30/2025 21:00
Dodge Charger Giveaway,Muckleshoot Casino," 3402 Auburn Way South, Auburn, WA 98002  ",Win a brand-new Dodge Charger; 5 winners every half hour,4/26/2025 17:00,4/26/2025 20:30
Dodge Charger Giveaway Grand Finale,Muckleshoot Casino," 3402 Auburn Way South, Auburn, WA 98002  ",Grand Finale Drawing,4/26/2025 21:00,4/26/2025 21:00
30th Anniversary Machine Tournament,Muckleshoot Casino," 3402 Auburn Way South, Auburn, WA 98002  ","Win up to $5,000 in cash",4/28/2025 14:00,4/28/2025 17:45
Mother's Day Brunch Buffet,Muckleshoot Casino," 3402 Auburn Way South, Auburn, WA 98002  ",$52 per person | $26 for children under 12 | Free for children 2 and under,5/11/2025 9:00,5/11/2025 15:00
VIP Las Vegas Trip Giveaway Drawing,Lucky Dog Casino," 19330 N US HWY 101, Skokomish, WA 98584  ",Exclusive drawing takes place at 8:15pm.,4/19/2025 20:15,4/19/2025 20:15
Las Vegas-Inspired Dessert Reception,Lucky Dog Casino," 19330 N US HWY 101, Skokomish, WA 98584  ",Exclusive reception area in the event room with Las Vegas-inspired desserts.,4/19/2025 19:00,4/19/2025 20:00
Wednesday Free Play,Lucky Eagle Casino," 12888 188th Avenue SW, Rochester, WA 98579  ",$25 free play available each Wednesday in May if you card in between 10:00 and 23:59,5/7/2025 10:00,5/7/2025 23:59
Wednesday Free Play,Lucky Eagle Casino," 12888 188th Avenue SW, Rochester, WA 98579  ",$25 free play available each Wednesday in May if you card in between 10:00 and 23:59,5/14/2025 10:00,5/14/2025 23:59
Wednesday Free Play,Lucky Eagle Casino," 12888 188th Avenue SW, Rochester, WA 98579  ",$25 free play available each Wednesday in May if you card in between 10:00 and 23:59,5/21/2025 10:00,5/21/2025 23:59
Wednesday Free Play,Lucky Eagle Casino," 12888 188th Avenue SW, Rochester, WA 98579  ",$25 free play available each Wednesday in May if you card in between 10:00 and 23:59,5/28/2025 10:00,5/28/2025 23:59
Iced Out Sparkling Beze Solitaire Necklace Free Gift,Little Creek Casino," 91 West State Route 108, Shelton, WA 98504  ",Redeem a sparkling beze solitaire necklace with no point earning needed,5/1/2025 13:00,5/1/2025 21:00
Iced Out Sparkling Beze Solitaire Necklace Free Gift,Little Creek Casino," 91 West State Route 108, Shelton, WA 98504  ",Redeem a sparkling beze solitaire necklace with no point earning needed,5/4/2025 13:00,5/4/2025 21:00
Sparkling Tennis Bracelet Duo Free Gift,Little Creek Casino," 91 West State Route 108, Shelton, WA 98504  ",Redeem a sparkling tennis bracelet duo with no point earning needed,5/8/2025 13:00,5/8/2025 21:00
Sparkling Tennis Bracelet Duo Free Gift,Little Creek Casino," 91 West State Route 108, Shelton, WA 98504  ",Redeem a sparkling tennis bracelet duo with no point earning needed,5/11/2025 13:00,5/11/2025 21:00
Sparkling Hoop Earrings Free Gift,Little Creek Casino," 91 West State Route 108, Shelton, WA 98504  ",Redeem sparkling hoop earrings with no point earning needed,5/15/2025 13:00,5/15/2025 21:00
Sparkling Hoop Earrings Free Gift,Little Creek Casino," 91 West State Route 108, Shelton, WA 98504  ",Redeem sparkling hoop earrings with no point earning needed,5/18/2025 13:00,5/18/2025 21:00
Sparkling Knot Earrings Free Gift,Little Creek Casino," 91 West State Route 108, Shelton, WA 98504  ",Redeem sparkling knot earrings with no point earning needed,5/22/2025 13:00,5/22/2025 21:00
Sparkling Knot Earrings Free Gift,Little Creek Casino," 91 West State Route 108, Shelton, WA 98504  ",Redeem sparkling knot earrings with no point earning needed,5/25/2025 13:00,5/25/2025 21:00
Canvas Tool Tote Set - Week 1,Lucky Eagle Casino," 12888 188th Avenue SW, Rochester, WA 98579  ","Swipe your player’s club card at a kiosk starting at 10am to claim your voucher, then exchange it for your free gift at the promotions podium from 12pm - 8pm.",5/4/2025 12:00,5/4/2025 20:00
Canvas Tool Tote Set - Week 1,Lucky Eagle Casino," 12888 188th Avenue SW, Rochester, WA 98579  ","Swipe your player’s club card at a kiosk starting at 10am to claim your voucher, then exchange it for your free gift at the promotions podium from 12pm - 8pm.",5/6/2025 12:00,5/6/2025 20:00
Canvas Tool Tote Set - Week 2,Lucky Eagle Casino," 12888 188th Avenue SW, Rochester, WA 98579  ","Swipe your player’s club card at a kiosk starting at 10am to claim your voucher, then exchange it for your free gift at the promotions podium from 12pm - 8pm.",5/11/2025 12:00,5/11/2025 20:00
Canvas Tool Tote Set - Week 2,Lucky Eagle Casino," 12888 188th Avenue SW, Rochester, WA 98579  ","Swipe your player’s club card at a kiosk starting at 10am to claim your voucher, then exchange it for your free gift at the promotions podium from 12pm - 8pm.",5/13/2025 12:00,5/13/2025 20:00
Canvas Tool Tote Set - Week 3,Lucky Eagle Casino," 12888 188th Avenue SW, Rochester, WA 98579  ","Swipe your player’s club card at a kiosk starting at 10am to claim your voucher, then exchange it for your free gift at the promotions podium from 12pm - 8pm.",5/18/2025 12:00,5/18/2025 20:00
Canvas Tool Tote Set - Week 3,Lucky Eagle Casino," 12888 188th Avenue SW, Rochester, WA 98579  ","Swipe your player’s club card at a kiosk starting at 10am to claim your voucher, then exchange it for your free gift at the promotions podium from 12pm - 8pm.",5/20/2025 12:00,5/20/2025 20:00
Canvas Tool Tote Set - Week 4,Lucky Eagle Casino," 12888 188th Avenue SW, Rochester, WA 98579  ","Swipe your player’s club card at a kiosk starting at 10am to claim your voucher, then exchange it for your free gift at the promotions podium from 12pm - 8pm.",5/25/2025 12:00,5/25/2025 20:00
Canvas Tool Tote Set - Week 4,Lucky Eagle Casino," 12888 188th Avenue SW, Rochester, WA 98579  ","Swipe your player’s club card at a kiosk starting at 10am to claim your voucher, then exchange it for your free gift at the promotions podium from 12pm - 8pm.",5/27/2025 12:00,5/27/2025 20:00
$25 Mystery Gift Card,Muckleshoot Casino," 3402 Auburn Way South, Auburn, WA 98002  ",Claim your $25 mystery gift card by swiping your Muckleshoot Rewards card at any promotions kiosk and printing your voucher.,4/29/2025 12:00,4/29/2025 20:00
"$35,000 VIP Slot Tournament",ilani," 1 Cowlitz Way, Ridgefield, WA 98642  ","$10,000 cash grand prize; prize structure: 2nd place $5,000, 3rd place $3,000, 4th-6th place $2,000, 7th-18th place $1,000",5/17/2025 12:00,5/17/2025 18:00
Memorial Day Sweepstakes,ilani," 1 Cowlitz Way, Ridgefield, WA 98642  ","Play throughout May for a chance to win a share of $52,000 in cash & prizes including the $40,000 cash grand prize. Receive a free entry each day with your ilani Forever Rewards account, plus an additional entry per status point earned.",5/1/2025 0:00,5/26/2025 23:59
Entry Multiplier Monday,ilani," 1 Cowlitz Way, Ridgefield, WA 98642  ",Receive multiple entries for every status point earned.,5/5/2025 0:00,5/5/2025 23:59
Entry Multiplier Monday,ilani," 1 Cowlitz Way, Ridgefield, WA 98642  ",Receive multiple entries for every status point earned.,5/12/2025 0:00,5/12/2025 23:59
Entry Multiplier Monday,ilani," 1 Cowlitz Way, Ridgefield, WA 98642  ",Receive multiple entries for every status point earned.,5/19/2025 0:00,5/19/2025 23:59
Entry Multiplier Thursday,ilani," 1 Cowlitz Way, Ridgefield, WA 98642  ",Receive multiple entries for every status point earned.,5/1/2025 0:00,5/1/2025 23:59
Entry Multiplier Thursday,ilani," 1 Cowlitz Way, Ridgefield, WA 98642  ",Receive multiple entries for every status point earned.,5/8/2025 0:00,5/8/2025 23:59
Entry Multiplier Thursday,ilani," 1 Cowlitz Way, Ridgefield, WA 98642  ",Receive multiple entries for every status point earned.,5/15/2025 0:00,5/15/2025 23:59
Entry Multiplier Thursday,ilani," 1 Cowlitz Way, Ridgefield, WA 98642  ",Receive multiple entries for every status point earned.,5/22/2025 0:00,5/22/2025 23:59
Memorial Day Sweepstakes Grand Finale,ilani," 1 Cowlitz Way, Ridgefield, WA 98642  ","Entry activation 15:00–19:40, $1,000 Promo Play Hot Seats every 20 minutes from 16:00–19:40, $40,000 Cash Grand Prize at 20:00 at Rock & Brews. Must be present to win.",5/26/2025 15:00,5/26/2025 20:00
"Dome Backpack, Large Tote Bag, Phone Holder, London Fog Crossbody Bag Collection",ilani," 1 Cowlitz Way, Ridgefield, WA 98642  ","Gift pickup, valid only for player named, while supplies last",5/6/2025 12:00,5/6/2025 20:00
"Dome Backpack, Large Tote Bag, Phone Holder, London Fog Crossbody Bag Collection",ilani," 1 Cowlitz Way, Ridgefield, WA 98642  ","Gift pickup, valid only for player named, while supplies last",5/7/2025 12:00,5/7/2025 20:00
"Dome Backpack, Large Tote Bag, Phone Holder, London Fog Crossbody Bag Collection",ilani," 1 Cowlitz Way, Ridgefield, WA 98642  ","Gift pickup, valid only for player named, while supplies last",5/13/2025 12:00,5/13/2025 20:00
"Dome Backpack, Large Tote Bag, Phone Holder, London Fog Crossbody Bag Collection",ilani," 1 Cowlitz Way, Ridgefield, WA 98642  ","Gift pickup, valid only for player named, while supplies last",5/14/2025 12:00,5/14/2025 20:00
"Dome Backpack, Large Tote Bag, Phone Holder, London Fog Crossbody Bag Collection",ilani," 1 Cowlitz Way, Ridgefield, WA 98642  ","Gift pickup, valid only for player named, while supplies last",5/20/2025 12:00,5/20/2025 20:00
"Dome Backpack, Large Tote Bag, Phone Holder, London Fog Crossbody Bag Collection",ilani," 1 Cowlitz Way, Ridgefield, WA 98642  ","Gift pickup, valid only for player named, while supplies last",5/21/2025 12:00,5/21/2025 20:00
"Dome Backpack, Large Tote Bag, Phone Holder, London Fog Crossbody Bag Collection",ilani," 1 Cowlitz Way, Ridgefield, WA 98642  ","Gift pickup, valid only for player named, while supplies last",5/27/2025 12:00,5/27/2025 20:00
"Dome Backpack, Large Tote Bag, Phone Holder, London Fog Crossbody Bag Collection",ilani," 1 Cowlitz Way, Ridgefield, WA 98642  ","Gift pickup, valid only for player named, while supplies last",5/28/2025 12:00,5/28/2025 20:00
Double Rewards Dollars,ilani," 1 Cowlitz Way, Ridgefield, WA 98642  ",Earn 2x rewards dollars at select locations,5/13/2025 6:00,5/15/2025 5:59
Double Rewards Dollars,ilani," 1 Cowlitz Way, Ridgefield, WA 98642  ",Earn 2x rewards dollars at select locations,5/27/2025 6:00,5/29/2025 5:59
2X Status Points,ilani," 1 Cowlitz Way, Ridgefield, WA 98642  ",Receive multiplied status points,5/6/2025 6:00,5/8/2025 5:59
2X Status Points,ilani," 1 Cowlitz Way, Ridgefield, WA 98642  ",Receive multiplied status points,5/20/2025 6:00,5/22/2025 5:59
"$30,000 Cinco de Mayo Slot Tournament",ilani," 1 Cowlitz Way, Ridgefield, WA 98642  ","Win your share of $3,500 in slot play every hour; chance to win up to $1,000 in slot play",5/4/2025 11:00,5/4/2025 20:00
"Mother's Day $32,000 Giveaway",ilani," 1 Cowlitz Way, Ridgefield, WA 98642  ","One grand prize entry for accessing rewards account; $1,000 promo play hot seats every 20 minutes; $20,000 cash grand finale",5/11/2025 12:00,5/11/2025 17:00
Barbuds Giveaway,ilani," 1 Cowlitz Way, Ridgefield, WA 98642  ",Pick up free earbuds by printing gift receipt at promotional kiosk and redeeming at the Meeting & Entertainment Center,5/24/2025 12:00,5/24/2025 20:00
Complimentary Night Stay Offer,ilani," 1 Cowlitz Way, Ridgefield, WA 98642  ","Complimentary hotel night stay for ilani Forever Rewards members, reservation required",5/1/2025 0:00,5/31/2025 23:59
$35 Slot Play,ilani," 1 Cowlitz Way, Ridgefield, WA 98642  ",$35 slot play,5/1/2025 6:00,5/3/2025 5:59
$35 Slot Play,ilani," 1 Cowlitz Way, Ridgefield, WA 98642  ",$35 slot play,5/3/2025 6:00,5/6/2025 5:59
$35 Slot Play,ilani," 1 Cowlitz Way, Ridgefield, WA 98642  ",$35 slot play,5/8/2025 6:00,5/10/2025 5:59
$35 Slot Play,ilani," 1 Cowlitz Way, Ridgefield, WA 98642  ",$35 slot play,5/11/2025 6:00,5/13/2025 5:59
$35 Slot Play,ilani," 1 Cowlitz Way, Ridgefield, WA 98642  ",$35 slot play,5/15/2025 6:00,5/16/2025 5:59
$35 Slot Play,ilani," 1 Cowlitz Way, Ridgefield, WA 98642  ",$35 slot play,5/16/2025 6:00,5/18/2025 5:59
$35 Slot Play,ilani," 1 Cowlitz Way, Ridgefield, WA 98642  ",$35 slot play,5/18/2025 6:00,5/20/2025 5:59
$35 Slot Play,ilani," 1 Cowlitz Way, Ridgefield, WA 98642  ",$35 slot play,5/22/2025 6:00,5/25/2025 5:59
$35 Slot Play,ilani," 1 Cowlitz Way, Ridgefield, WA 98642  ",$35 slot play,5/26/2025 6:00,5/27/2025 5:59
$35 Slot Play,ilani," 1 Cowlitz Way, Ridgefield, WA 98642  ",$35 slot play,5/30/2025 6:00,6/1/2025 5:59
$15 Dining & Shopping Rewards,ilani," 1 Cowlitz Way, Ridgefield, WA 98642  ",$15 dining & shopping rewards,5/1/2025 0:00,5/15/2025 23:59
$15 Dining & Shopping Rewards,ilani," 1 Cowlitz Way, Ridgefield, WA 98642  ",$15 dining & shopping rewards,5/16/2025 0:00,5/31/2025 23:59
$40 Daytime Slot Play Bonus,ilani," 1 Cowlitz Way, Ridgefield, WA 98642  ",$40 daytime slot play bonus,5/10/2025 6:00,5/10/2025 18:00
$40 Daytime Slot Play Bonus,ilani," 1 Cowlitz Way, Ridgefield, WA 98642  ",$40 daytime slot play bonus,5/25/2025 6:00,5/25/2025 18:00
Money Honey Mystery Bonus,ilani," 1 Cowlitz Way, Ridgefield, WA 98642  ","Win up to $5,000 in slot play, guaranteed $40 slot play",5/29/2025 6:00,5/30/2025 5:59
>>>>>>> 6f50880 (Updated color map to assign certain colors to casinos and updated list of events.)
